{
 "Table 40.6": {
  "crop_left": 6.714285714285714,
  "crop_top": 6.25,
  "crop_right": 9.714285714285714,
  "crop_bot": 10.379464285714286,
  "manual_box": true
 },
 "Box 40.3": {
  "crop_left": 9.857142857142858,
  "crop_top": 34.263392857142854,
  "crop_right": 49.28571428571429,
  "crop_bot": 36.830357142857146,
  "manual_box": true
 },
 "Fig 40.10": {
  "crop_left": 10.0,
  "crop_top": 65.73660714285714,
  "crop_right": 48.857142857142854,
  "crop_bot": 5.580357142857143,
  "manual_box": true
 },
 "Fig 40.11": {
  "crop_left": 51.57142857142857,
  "crop_top": 39.620535714285715,
  "crop_right": 5.285714285714286,
  "crop_bot": 5.245535714285714,
  "manual_box": true
 },
 "Fig 40.12": {
  "crop_left": 5.285714285714286,
  "crop_top": 30.46875,
  "crop_right": 51.57142857142857,
  "crop_bot": 32.254464285714285,
  "manual_box": true
 },
 "Fig 40.13": {
  "crop_left": 5.0,
  "crop_top": 68.86160714285714,
  "crop_right": 7.857142857142857,
  "crop_bot": 4.6875,
  "manual_box": true
 },
 "Fig 40.14": {
  "crop_left": 6.0,
  "crop_top": 6.361607142857142,
  "crop_right": 4.857142857142857,
  "crop_bot": 66.07142857142857,
  "manual_box": true
 },
 "Fig 40.15": {
  "crop_left": 8.428571428571429,
  "crop_top": 34.375,
  "crop_right": 48.42857142857142,
  "crop_bot": 14.732142857142858,
  "manual_box": true
 },
 "Fig 40.16": {
  "crop_left": 9.142857142857142,
  "crop_top": 5.803571428571429,
  "crop_right": 5.0,
  "crop_bot": 43.861607142857146,
  "manual_box": true
 },
 "Fig 40.17": {
  "crop_left": 5.571428571428571,
  "crop_top": 5.803571428571429,
  "crop_right": 8.857142857142856,
  "crop_bot": 68.52678571428571,
  "manual_box": true
 },
 "Fig 40.18": {
  "crop_left": 6.142857142857143,
  "crop_top": 5.803571428571429,
  "crop_right": 4.142857142857142,
  "crop_bot": 50.0,
  "manual_box": true
 },
 "Fig 40.19": {
  "crop_left": 6.2857142857142865,
  "crop_top": 5.803571428571429,
  "crop_right": 8.571428571428571,
  "crop_bot": 70.64732142857143,
  "manual_box": true
 },
 "Fig 40.20": {
  "crop_left": 52.0,
  "crop_top": 56.91964285714286,
  "crop_right": 9.0,
  "crop_bot": 5.915178571428571,
  "manual_box": true
 },
 "Fig 40.21": {
  "crop_left": 6.142857142857143,
  "crop_top": 16.741071428571427,
  "crop_right": 52.142857142857146,
  "crop_bot": 35.379464285714285,
  "manual_box": true
 },
 "Fig 40.22": {
  "crop_left": 6.714285714285714,
  "crop_top": 67.41071428571429,
  "crop_right": 8.142857142857144,
  "crop_bot": 6.026785714285714,
  "manual_box": true
 },
 "Table 40.7": {
  "crop_left": 9.428571428571429,
  "crop_top": 34.151785714285715,
  "crop_right": 5.571428571428571,
  "crop_bot": 6.026785714285714,
  "manual_box": true
 },
 "Fig 40.23": {
  "crop_left": 6.714285714285714,
  "crop_top": 61.71875,
  "crop_right": 8.285714285714285,
  "crop_bot": 6.8080357142857135,
  "manual_box": true
 },
 "Table 40.8": {
  "crop_left": 52.28571428571429,
  "crop_top": 80.35714285714286,
  "crop_right": 6.714285714285714,
  "crop_bot": 8.59375,
  "manual_box": true
 },
 "Fig 40.24": {
  "crop_left": 5.714285714285714,
  "crop_top": 64.73214285714286,
  "crop_right": 9.142857142857142,
  "crop_bot": 6.026785714285714,
  "manual_box": true
 },
 "Table 40.9": {
  "crop_left": 51.42857142857142,
  "crop_top": 5.803571428571429,
  "crop_right": 5.714285714285714,
  "crop_bot": 75.33482142857143,
  "manual_box": true
 },
 "Fig 40.25": {
  "crop_left": 52.0,
  "crop_top": 24.441964285714285,
  "crop_right": 5.857142857142858,
  "crop_bot": 44.53125,
  "manual_box": true
 },
 "Fig 40.26": {
  "crop_left": 6.0,
  "crop_top": 56.25,
  "crop_right": 8.714285714285715,
  "crop_bot": 5.580357142857143,
  "manual_box": true
 },
 "Fig 40.27": {
  "crop_left": 7.857142857142857,
  "crop_top": 16.071428571428573,
  "crop_right": 48.57142857142857,
  "crop_bot": 51.33928571428571,
  "manual_box": true
 },
 "Fig 40.28": {
  "crop_left": 8.142857142857144,
  "crop_top": 50.0,
  "crop_right": 6.0,
  "crop_bot": 5.46875,
  "manual_box": true
 },
 "Fig 40.30": {
  "crop_left": 5.142857142857142,
  "crop_top": 50.44642857142857,
  "crop_right": 7.7142857142857135,
  "crop_bot": 3.459821428571429,
  "manual_box": true
 },
 "Fig 40.29": {
  "crop_left": 4.714285714285714,
  "crop_top": 5.915178571428571,
  "crop_right": 7.571428571428572,
  "crop_bot": 51.33928571428571,
  "manual_box": true
 },
 "Fig 40.31": {
  "crop_left": 51.714285714285715,
  "crop_top": 64.50892857142857,
  "crop_right": 5.857142857142858,
  "crop_bot": 5.915178571428571,
  "manual_box": true
 },
 "Fig 40.32": {
  "crop_left": 4.428571428571428,
  "crop_top": 5.803571428571429,
  "crop_right": 4.428571428571428,
  "crop_bot": 66.96428571428571,
  "manual_box": true
 },
 "Fig 40.33": {
  "crop_left": 7.428571428571429,
  "crop_top": 33.14732142857143,
  "crop_right": 5.285714285714286,
  "crop_bot": 34.04017857142857,
  "manual_box": true
 },
 "Fig 40.34": {
  "crop_left": 4.0,
  "crop_top": 5.803571428571429,
  "crop_right": 9.714285714285714,
  "crop_bot": 65.29017857142857,
  "manual_box": true
 },
 "Fig 40.35": {
  "crop_left": 6.857142857142858,
  "crop_top": 5.803571428571429,
  "crop_right": 4.857142857142857,
  "crop_bot": 42.96875,
  "manual_box": true
 },
 "Box 40.4": {
  "crop_left": 9.857142857142858,
  "crop_top": 57.70089285714286,
  "crop_right": 48.857142857142854,
  "crop_bot": 28.90625,
  "manual_box": true
 },
 "Fig 40.36": {
  "crop_left": 6.2857142857142865,
  "crop_top": 19.084821428571427,
  "crop_right": 51.57142857142857,
  "crop_bot": 44.86607142857143,
  "manual_box": true
 },
 "Fig 40.37": {
  "crop_left": 6.857142857142858,
  "crop_top": 56.80803571428571,
  "crop_right": 7.7142857142857135,
  "crop_bot": 4.464285714285714,
  "manual_box": true
 },
 "Fig 40.38": {
  "crop_left": 9.0,
  "crop_top": 5.915178571428571,
  "crop_right": 5.285714285714286,
  "crop_bot": 56.02678571428571,
  "manual_box": true
 },
 "Fig 40.39": {
  "crop_left": 48.714285714285715,
  "crop_top": 57.47767857142857,
  "crop_right": 8.428571428571429,
  "crop_bot": 4.352678571428571,
  "manual_box": true
 },
 "Fig 40.40": {
  "crop_left": 8.285714285714285,
  "crop_top": 6.026785714285714,
  "crop_right": 48.57142857142857,
  "crop_bot": 56.47321428571429,
  "manual_box": true
 },
 "Fig 40.41": {
  "crop_left": 52.0,
  "crop_top": 6.026785714285714,
  "crop_right": 6.714285714285714,
  "crop_bot": 49.776785714285715,
  "manual_box": true
 },
 "Fig 40.45": {
  "crop_left": 48.285714285714285,
  "crop_top": 6.026785714285714,
  "crop_right": 7.571428571428572,
  "crop_bot": 56.58482142857143,
  "manual_box": true
 },
 "Fig 40.46": {
  "crop_left": 48.0,
  "crop_top": 43.861607142857146,
  "crop_right": 7.285714285714286,
  "crop_bot": 5.357142857142857,
  "manual_box": true
 },
 "Fig 40.42": {
  "crop_left": 6.0,
  "crop_top": 26.785714285714285,
  "crop_right": 51.57142857142857,
  "crop_bot": 50.22321428571429,
  "manual_box": true
 },
 "Fig 40.43": {
  "crop_left": 5.285714285714286,
  "crop_top": 49.776785714285715,
  "crop_right": 52.142857142857146,
  "crop_bot": 23.883928571428573,
  "manual_box": true
 },
 "Fig 40.44": {
  "crop_left": 5.714285714285714,
  "crop_top": 75.78125,
  "crop_right": 51.714285714285715,
  "crop_bot": 3.90625,
  "manual_box": true
 },
 "Fig 40.47": {
  "crop_left": 5.857142857142858,
  "crop_top": 6.25,
  "crop_right": 7.428571428571429,
  "crop_bot": 74.66517857142857,
  "manual_box": true
 },
 "Fig 40.48": {
  "crop_left": 5.0,
  "crop_top": 6.4732142857142865,
  "crop_right": 7.7142857142857135,
  "crop_bot": 69.97767857142857,
  "manual_box": true
 },
 "Fig 40.49": {
  "crop_left": 8.714285714285715,
  "crop_top": 6.25,
  "crop_right": 6.2857142857142865,
  "crop_bot": 68.86160714285714,
  "manual_box": true
 },
 "Table 40.10": {
  "crop_left": 9.857142857142858,
  "crop_top": 32.700892857142854,
  "crop_right": 49.28571428571429,
  "crop_bot": 50.33482142857143,
  "manual_box": true
 },
 "Fig 40.51": {
  "crop_left": 6.428571428571428,